CompId	NodeId	AlleleFreq	Pheno0Count	Pheno0TotalCount	Pheno1Count	Pheno1TotalCount	NACount	NATotalCount	Significant?	p-value	q-Value	EstEffect	WaldStat	Sequence	SequenceLength	Annotations(sep=~~~)
106	n31513	2030	589	589	1441	1441	0	0	No	NA	NA	NA	NA	GGAATTGTTTAGATATTTGAGTTATGTTGAAGATGTTGGCACGCGTGCATTATTGTCTCGTGCTGTAGCAGGTACAGTTAATAATAAATTGATATTTTCGATTCCAGGATCAACAGGCGCAGTTAAATTAGCATTAGAAAAGCTCATTAAACCAGAATTAAA	162	USA300HOU_RS12320;DBGWAS_general_tag=molybdenum_cofactor_biosynthesis_protein~~~SAOUHSC_02544;DBGWAS_general_tag=molybdopterin_precursor_biosynthesis_MoaB	
106	n87388	2	2	589	0	1441	0	0	No	NA	NA	NA	NA	AAAGCAGTTGATAAAGGTATGATTATTGGCAAAACCTACCTTGAAAGCAAGTCTGGCGGTA	61	USA300HOU_RS12315;DBGWAS_general_tag=cyclic_pyranopterin_monophosphate_synthase_MoaC~~~SAOUHSC_02543;DBGWAS_general_tag=molybdenum_cofactor_biosynthesis_protein_MoaC	
106	n87389	2028	587	589	1441	1441	0	0	No	NA	NA	NA	NA	AAAGCAGTTGATAAAGGTATGATTATTGGCGAAACCTACCTTGAAAGCAAGTCTGGCGGTA	61	USA300HOU_RS12315;DBGWAS_general_tag=cyclic_pyranopterin_monophosphate_synthase_MoaC~~~SAOUHSC_02543;DBGWAS_general_tag=molybdenum_cofactor_biosynthesis_protein_MoaC	
106	n124260	2030	589	589	1441	1441	0	0	No	NA	NA	NA	NA	TAACCACTTCTTCACCTGCGTCGTGATGGCTAC	33	USA300HOU_RS12320;DBGWAS_general_tag=molybdenum_cofactor_biosynthesis_protein~~~SAOUHSC_02544;DBGWAS_general_tag=molybdopterin_precursor_biosynthesis_MoaB	
106	n126590	2030	589	589	1441	1441	0	0	No	NA	NA	NA	NA	CATCTGATTCATGAGCTTACAAAATAATTTATTGATTTGATTGGCGTTGAAAATCTCCAGATTTACCGCCAGACTTGCTTTCAAGGTAGGTTT	93	USA300HOU_RS12315;DBGWAS_general_tag=cyclic_pyranopterin_monophosphate_synthase_MoaC~~~SAOUHSC_02543;DBGWAS_general_tag=molybdenum_cofactor_biosynthesis_protein_MoaC	
106	n130167	225	225	589	0	1441	0	0	No	7.314187e-01	9.998783e-01	-1.614880e-02	-0.343326032595223	AGTAAAACCACTTTTAACTAAAGAGATAGAAGGCTTTGGGGAATTGTTTAGATATTTGAGT	61	USA300HOU_RS12320;DBGWAS_general_tag=molybdenum_cofactor_biosynthesis_protein~~~SAOUHSC_02544;DBGWAS_general_tag=molybdopterin_precursor_biosynthesis_MoaB	
106	n130168	1805	364	589	1441	1441	0	0	No	7.314187e-01	9.998783e-01	1.614880e-02	-0.343326032595223	AGTAAAACCACTTTTAACTAAAGAGATAGATGGCTTTG	38	USA300HOU_RS12320;DBGWAS_general_tag=molybdenum_cofactor_biosynthesis_protein~~~SAOUHSC_02544;DBGWAS_general_tag=molybdopterin_precursor_biosynthesis_MoaB	
106	n131561	1804	363	589	1441	1441	0	0	Yes	6.432840e-25	1.202212e-22	4.203319e-01	-10.9723511470627	ACTCAAATATCTAAACAATTCCCCAAAGCCATCTATCTCTTTAGTTAAAAGTG	53	USA300HOU_RS12320;DBGWAS_general_tag=molybdenum_cofactor_biosynthesis_protein~~~SAOUHSC_02544;DBGWAS_general_tag=molybdopterin_precursor_biosynthesis_MoaB	
106	n131562	1	1	589	0	1441	0	0	No	NA	NA	NA	NA	TCAACATAACTCAAATATCTAAACAATTCCTCAAAGCCATCTATCTCTTTAGTTAAAAGTG	61	USA300HOU_RS12320;DBGWAS_general_tag=molybdenum_cofactor_biosynthesis_protein~~~SAOUHSC_02544;DBGWAS_general_tag=molybdopterin_precursor_biosynthesis_MoaB	
106	n143167	2030	589	589	1441	1441	0	0	No	NA	NA	NA	NA	CTGGTGGAACAGGTATTGCACAACGTGATGTGACGATTGAAGCAGTAAAACCACTTTTAACTAAAGAGATAGA	73	USA300HOU_RS12320;DBGWAS_general_tag=molybdenum_cofactor_biosynthesis_protein~~~SAOUHSC_02544;DBGWAS_general_tag=molybdopterin_precursor_biosynthesis_MoaB	
106	n159601	6	6	589	0	1441	0	0	No	NA	NA	NA	NA	GCCATCACGACGCAGGTGAAGAAGTGGTTAAAAGAAGATATTGATGTCATCATTACGACTG	61	USA300HOU_RS12320;DBGWAS_general_tag=molybdenum_cofactor_biosynthesis_protein~~~SAOUHSC_02544;DBGWAS_general_tag=molybdopterin_precursor_biosynthesis_MoaB	
106	n164903	2024	583	589	1441	1441	0	0	No	NA	NA	NA	NA	CGTAATGATGACATCAATATCTTCTTCTAACCACTTCTTCACCTGCGTCGTGATGGC	57	USA300HOU_RS12320;DBGWAS_general_tag=molybdenum_cofactor_biosynthesis_protein~~~SAOUHSC_02544;DBGWAS_general_tag=molybdopterin_precursor_biosynthesis_MoaB	
106	n165148	2029	589	589	1440	1441	0	0	No	NA	NA	NA	NA	AAGAAGATATTGATGTCATCATTACGACTGGTGGAACAGGTATTGCACAACGTGATG	57	USA300HOU_RS12320;DBGWAS_general_tag=molybdenum_cofactor_biosynthesis_protein~~~SAOUHSC_02544;DBGWAS_general_tag=molybdopterin_precursor_biosynthesis_MoaB	
106	n165149	1	0	589	1	1441	0	0	No	NA	NA	NA	NA	TTAGAAGAAGATATTGATGTCATCATTACGGCTGGTGGAACAGGTATTGCACAACGTGATG	61	USA300HOU_RS12320;DBGWAS_general_tag=molybdenum_cofactor_biosynthesis_protein~~~SAOUHSC_02544;DBGWAS_general_tag=molybdopterin_precursor_biosynthesis_MoaB	
106	n169611	2023	583	589	1440	1441	0	0	No	NA	NA	NA	NA	TTAGAAGAAGATATTGATGTCATCATTACGACTG	34	USA300HOU_RS12320;DBGWAS_general_tag=molybdenum_cofactor_biosynthesis_protein~~~SAOUHSC_02544;DBGWAS_general_tag=molybdopterin_precursor_biosynthesis_MoaB	
106	n207793	1	1	589	0	1441	0	0	No	NA	NA	NA	NA	ATTAGAAAAGCTCATTAAACCAGAATTAAACCATCTGATTCATGAGCTTACAAAATAATTT	61	USA300HOU_RS12320;DBGWAS_general_tag=molybdenum_cofactor_biosynthesis_protein~~~SAOUHSC_02544;DBGWAS_general_tag=molybdopterin_precursor_biosynthesis_MoaB	
106	n207794	2029	588	589	1441	1441	0	0	No	NA	NA	NA	NA	ATTAGAAAAGCTCATTAAACCAGAATTAAATCATCTGATTCATGAGCTTACAAAATAATTT	61	USA300HOU_RS12320;DBGWAS_general_tag=molybdenum_cofactor_biosynthesis_protein~~~SAOUHSC_02544;DBGWAS_general_tag=molybdopterin_precursor_biosynthesis_MoaB	
106	n387258	2029	588	589	1441	1441	0	0	No	NA	NA	NA	NA	TCAACATAACTCAAATATCTAAACAATTCCCCAAAGCC	38	USA300HOU_RS12320;DBGWAS_general_tag=molybdenum_cofactor_biosynthesis_protein~~~SAOUHSC_02544;DBGWAS_general_tag=molybdopterin_precursor_biosynthesis_MoaB	
