S. aureus 880,#cc0000
S. aureus W75119,#134f5c
S. aureus  GHA/LAMRSA/2016/17,#134f5c
S. aureus CIGC345D,#134f5c
S. aureus  M6K066,#134f5c
S. aureus  GUATP 67,#134f5c
S. aureus  KUH140046,#134f5c
S. aureus  KUH180038,#134f5c
S. aureus HI049,#cc0000
S. aureus HI010,#cc0000
S. aureus HI010B,#cc0000
S. aureus  MI18-1505,#cc0000
S. aureus H31290,#cc0000
S. aureus T20142,#cc0000
S. aureus W62934,#cc0000
S. aureus W57390,#cc0000
S. aureus W24177,#cc0000
S. aureus UCIM6134,#cc0000
S. aureus  JE2,#cc0000
S. aureus LAC,#cc0000
S. aureus  JE2,#cc0000
S. aureus  LAC,#cc0000
S. aureus  LAC,#cc0000
S. aureus SJUD6085,#cc0000
S. aureus SJOS6098,#cc0000
S. aureus H35283,#cc0000
S. aureus F89053,#cc0000
S. aureus T52649,#cc0000
S. aureus F80972,#cc0000
S. aureus SR1287,#cc0000
S. aureus WAMC6060,#cc0000
S. aureus FVRH6138,#cc0000
S. aureus  C2406,#cc0000
S. aureus  sta3710,#cc0000
S. aureus  sta3220,#cc0000
S. aureus  AFR044,#cc0000
S. aureus  sta3500,#cc0000
S. aureus  sta3662,#cc0000
S. aureus  TW22,#cc0000
S. aureus  TW23,#cc0000
S. aureus  AFR163,#cc0000
S. aureus  sta3610,#cc0000
S. aureus  AFR137,#cc0000
S. aureus  sta3411,#cc0000
S. aureus  AFR022,#cc0000
S. aureus  AFR119,#cc0000
S. aureus  AFR033,#cc0000
S. aureus  AFR219,#cc0000
S. aureus  TW04,#cc0000
S. aureus  sta3457,#cc0000
S. aureus  AFR006,#cc0000
S. aureus  AFR098,#cc0000
S. aureus  TW05,#cc0000
S. aureus  sta3709,#cc0000
S. aureus  AFR018,#cc0000
S. aureus COAS6044,#cc0000
S. aureus COAS6112,#cc0000
S. aureus LAMC0001,#cc0000
S. aureus WAMC6049,#cc0000
S. aureus PLAC6043,#cc0000
S. aureus COAS6114,#cc0000
S. aureus F31094,#cc0000
S. aureus H75430,#cc0000
S. aureus F71592,#cc0000
S. aureus F45779,#cc0000
S. aureus F81035,#cc0000
S. aureus  12625_1_55,#cc0000
S. aureus H68996,#cc0000
S. aureus KINW6062,#cc0000
S. aureus F73229,#cc0000
S. aureus F74820,#cc0000
S. aureus M52622,#cc0000
S. aureus SMMC0005,#cc0000
S. aureus WAMC6080,#cc0000
S. aureus M68467,#cc0000
S. aureus  USFL271,#cc0000
S. aureus  USFL277,#cc0000
S. aureus SJOS6076,#cc0000
S. aureus T44811,#cc0000
S. aureus SJUD6086,#cc0000
S. aureus H21935,#cc0000
S. aureus H51158,#cc0000
S. aureus F20105,#cc0000
S. aureus F50076,#cc0000
S. aureus F92047,#cc0000
S. aureus SJUD6087,#cc0000
S. aureus  2588STDY5748652,#cc0000
S. aureus GGMC6036,#cc0000
S. aureus T56203,#cc0000
S. aureus H70821,#cc0000
S. aureus W42932,#cc0000
S. aureus  USFL059,#cc0000
S. aureus  USFL061,#cc0000
S. aureus  USFL319,#cc0000
S. aureus  FL364,#cc0000
S. aureus  USFL103,#cc0000
S. aureus UCIM6101,#cc0000
S. aureus UCIM6144,#cc0000
S. aureus M53327,#cc0000
S. aureus F26021,#cc0000
S. aureus M32688,#cc0000
S. aureus M20198,#cc0000
S. aureus W55536,#cc0000
S. aureus CHOC6045,#cc0000
S. aureus  USFL282,#cc0000
S. aureus  USFL218,#cc0000
S. aureus TUSH6007,#cc0000
S. aureus F45300,#cc0000
S. aureus M29068,#cc0000
S. aureus H64303,#cc0000
S. aureus T66292,#cc0000
S. aureus  sta3537,#cc0000
S. aureus  sta3484,#cc0000
S. aureus  AFR089,#cc0000
S. aureus LAMC0024,#cc0000
S. aureus AMMC6015,#cc0000
S. aureus  USFL152,#cc0000
S. aureus SMMC6014,#cc0000
S. aureus WAMC6081,#cc0000
S. aureus MISS6131,#cc0000
S. aureus FVRH6052,#cc0000
S. aureus CHAP6022,#cc0000
S. aureus F89078,#cc0000
S. aureus H12662,#cc0000
S. aureus H20315,#cc0000
S. aureus  MRSA_S10,#cc0000
S. aureus WAMC6043,#cc0000
S. aureus WMCA6123,#cc0000
S. aureus WMCA6025,#cc0000
S. aureus HBHO6021,#cc0000
S. aureus  2588STDY5748344,#cc0000
S. aureus T12805,#cc0000
S. aureus T12818,#cc0000
S. aureus T86792,#cc0000
S. aureus M79684,#cc0000
S. aureus M79686,#cc0000
S. aureus M49474,#cc0000
S. aureus T83543,#cc0000
S. aureus T36111,#cc0000
S. aureus F31078,#cc0000
S. aureus WMCA6100,#cc0000
S. aureus HBHO6022,#cc0000
S. aureus OCMM6102,#cc0000
S. aureus  st699,#cc0000
S. aureus MISS6125,#cc0000
S. aureus LAMC0037,#cc0000
S. aureus T89906,#cc0000
S. aureus MISS6033,#cc0000
S. aureus F41886,#cc0000
S. aureus F86379,#cc0000
S. aureus H33636,#cc0000
S. aureus M77229,#cc0000
S. aureus OCMM6071,#cc0000
S. aureus FVRH6131,#cc0000
S. aureus SJOS6145,#cc0000
S. aureus F43676,#cc0000
S. aureus H60145,#cc0000
S. aureus H81437,#cc0000
S. aureus H72115,#cc0000
S. aureus H44015,#cc0000
S. aureus H88170,#cc0000
S. aureus H50403,#cc0000
S. aureus H56227,#cc0000
S. aureus H12890,#cc0000
S. aureus F50126,#cc0000
S. aureus FVRH6132,#cc0000
S. aureus FVRH6118,#cc0000
S. aureus M85201,#cc0000
S. aureus W48872,#cc0000
S. aureus T92889,#cc0000
S. aureus T54294,#cc0000
S. aureus W76930,#cc0000
S. aureus GGMC6027,#cc0000
S. aureus W12461,#cc0000
S. aureus UCIM6147,#134f5c
S. aureus AMMC6003,#cc0000
S. aureus HOAG6017,#cc0000
S. aureus COAS6052,#cc0000
S. aureus MISS6119,#cc0000
S. aureus COAS6087,#cc0000
S. aureus H25869,#cc0000
S. aureus W45750,#cc0000
S. aureus W89268,#cc0000
S. aureus UCIM6145,#cc0000
S. aureus SJUD6015,#cc0000
S. aureus SJUD6022,#cc0000
S. aureus T45974,#cc0000
S. aureus W60774,#cc0000
S. aureus F26858,#cc0000
S. aureus F46632,#cc0000
S. aureus W21472,#cc0000
S. aureus T66243,#cc0000
S. aureus M49691,#cc0000
S. aureus W75132,#cc0000
S. aureus W50092,#cc0000
S. aureus H65794,#cc0000
S. aureus H32181,#cc0000
S. aureus T86825,#cc0000
S. aureus T39093,#cc0000
S. aureus H71553,#cc0000
S. aureus H19398,#cc0000
S. aureus M46077,#cc0000
S. aureus F63750,#cc0000
S. aureus  USFL018,#cc0000
S. aureus WMCA6092,#cc0000
S. aureus F85184,#cc0000
S. aureus  UMX772,#cc0000
S. aureus  2588STDY5748352,#cc0000
S. aureus  USFL039,#cc0000
S. aureus  M3908,#cc0000
S. aureus  M3241,#cc0000
S. aureus USA300_FPR3757,#cc0000
S. aureus  CAR,#cc0000
S. aureus  OXLIM,#cc0000
S. aureus  CIT,#cc0000
S. aureus  USFL257,#cc0000
S. aureus  USFL248,#cc0000
S. aureus  USFL249,#cc0000
S. aureus  FL382,#cc0000
S. aureus  USFL256,#cc0000
S. aureus  USFL352,#cc0000
S. aureus  USFL279,#cc0000
S. aureus  USFL272,#cc0000
S. aureus  USFL164,#cc0000
S. aureus  USFL163,#cc0000
S. aureus  USFL021,#cc0000
S. aureus  USFL012,#cc0000
S. aureus H40583,#cc0000
S. aureus H41109,#cc0000
S. aureus H56219,#cc0000
S. aureus H65878,#cc0000
S. aureus  KE5268,#cc0000
S. aureus T74060,#cc0000
S. aureus GGMC6008,#cc0000
S. aureus W23207,#cc0000
S. aureus UCIM6018,#cc0000
S. aureus LPIH6008,#cc0000
S. aureus M73703,#cc0000
S. aureus WMCS6055,#cc0000
S. aureus PLAC6058,#cc0000
S. aureus SJUD6063,#cc0000
S. aureus UCIM6146,#cc0000
S. aureus WAMC6055,#cc0000
S. aureus F55987,#cc0000
S. aureus T87526,#cc0000
S. aureus SJUD6064,#cc0000
S. aureus WAMC6013,#cc0000
S. aureus H85008,#cc0000
S. aureus W39826,#cc0000
S. aureus W70590,#cc0000
S. aureus H47117,#cc0000
S. aureus W52298,#cc0000
S. aureus  USFL209,#cc0000
S. aureus MISS6007,#cc0000
S. aureus GGMC6049,#cc0000
S. aureus F76996,#cc0000
S. aureus LPIH6021,#cc0000
S. aureus F41902,#cc0000
S. aureus T74154,#cc0000
S. aureus W27852,#cc0000
S. aureus M42212,#cc0000
S. aureus W12538,#cc0000
S. aureus KINW6003,#cc0000
S. aureus FVRH6076,#cc0000
S. aureus FVRH6067,#cc0000
S. aureus F92125,#cc0000
S. aureus M67957,#cc0000
S. aureus M24416,#cc0000
S. aureus H75425,#cc0000
S. aureus H75423,#cc0000
S. aureus M67953,#cc0000
S. aureus F92127,#cc0000
S. aureus F92128,#cc0000
S. aureus M24418,#cc0000
S. aureus M45245,#cc0000
S. aureus GGMC6057,#cc0000
S. aureus W15951,#cc0000
S. aureus SJUD6040,#cc0000
S. aureus W28469,#cc0000
S. aureus F26884,#cc0000
S. aureus F80381,#cc0000
S. aureus W36570,#cc0000
S. aureus SCLE6011,#cc0000
S. aureus OCMM6065,#cc0000
S. aureus WMCA6015,#cc0000
S. aureus WMCA6086,#cc0000
S. aureus F60360,#cc0000
S. aureus M57729,#cc0000
S. aureus H59298,#cc0000
S. aureus M55902,#cc0000
S. aureus WAMC6108,#cc0000
S. aureus  USFL009,#cc0000
S. aureus  USFL008,#cc0000
S. aureus  USFL219,#cc0000
S. aureus  USFL016,#cc0000
S. aureus M52055,#cc0000
S. aureus T62346,#cc0000
S. aureus T59813,#cc0000
S. aureus H75198,#cc0000
S. aureus W85440,#cc0000
S. aureus T30565,#cc0000
S. aureus H81885,#cc0000
S. aureus H50387,#cc0000
S. aureus T70944,#cc0000
S. aureus W23225,#cc0000
S. aureus  2588STDY5748629,#cc0000
S. aureus W51776,#cc0000
S. aureus H42737,#cc0000
S. aureus W15997,#cc0000
S. aureus  13C,#cc0000
S. aureus  M2959,#cc0000
S. aureus T66286,#cc0000
S. aureus T23068,#cc0000
S. aureus H45765,#cc0000
S. aureus F59156,#cc0000
S. aureus H81800,#cc0000
S. aureus GGMC6018,#cc0000
S. aureus  UMX750,#cc0000
S. aureus C00003272,#cc0000
S. aureus H81809,#cc0000
S. aureus H41079,#cc0000
S. aureus  H1354,#cc0000
S. aureus  USFL149,#cc0000
S. aureus  USFL154,#cc0000
S. aureus  USFL153,#cc0000
S. aureus A9754,#cc0000
S. aureus  USFL099,#cc0000
S. aureus  USFL100,#cc0000
S. aureus  USFL160,#cc0000
S. aureus  USFL161,#cc0000
S. aureus  USFL157,#cc0000
S. aureus  USFL020,#cc0000
S. aureus WMCA6126,#cc0000
S. aureus WMCA6180,#cc0000
S. aureus  USFL198,#cc0000
S. aureus  USFL202,#cc0000
S. aureus  USFL200,#cc0000
S. aureus  USFL201,#cc0000
S. aureus AMMC6072,#cc0000
S. aureus H23829,#cc0000
S. aureus W76995,#cc0000
S. aureus T62976,#cc0000
S. aureus M72095_021113,#cc0000
S. aureus H23830,#cc0000
S. aureus M72097,#cc0000
S. aureus W76994_072512,#cc0000
S. aureus W79968,#cc0000
S. aureus SJUD6114,#cc0000
S. aureus AMMC6114,#cc0000
S. aureus FVRH6079,#cc0000
S. aureus M81490,#cc0000
S. aureus H58165,#cc0000
S. aureus H48646,#cc0000
S. aureus M80329,#cc0000
S. aureus H21924,#cc0000
S. aureus OCMM6115,#cc0000
S. aureus WMCS6114,#cc0000
S. aureus H19520,#cc0000
S. aureus SJOS6001,#cc0000
S. aureus T37849,#cc0000
S. aureus F63786,#cc0000
S. aureus F63712,#cc0000
S. aureus M77210,#cc0000
S. aureus T35596,#cc0000
S. aureus  USFL130,#cc0000
S. aureus  USFL131,#cc0000
S. aureus  AR_0216,#cc0000
S. aureus H37235,#cc0000
S. aureus SCOA6009,#cc0000
S. aureus T59609,#cc0000
S. aureus SJOS6051,#cc0000
S. aureus COAS6039,#cc0000
S. aureus PLAC6004,#cc0000
S. aureus F23347,#cc0000
S. aureus T45839,#cc0000
S. aureus T74141,#cc0000
S. aureus T39102,#cc0000
S. aureus KINW6061,#cc0000
S. aureus F63687,#cc0000
S. aureus F88387,#cc0000
S. aureus W33578,#cc0000
S. aureus SCOA6006,#cc0000
S. aureus FVRH6040,#cc0000
S. aureus W92052,#cc0000
S. aureus WMCA6084,#cc0000
S. aureus W12628,#cc0000
S. aureus  AR_0225,#cc0000
S. aureus  16514,#cc0000
S. aureus W62972,#cc0000
S. aureus FVRH6066,#cc0000
S. aureus LAMC6115,#cc0000
S. aureus T35622,#cc0000
S. aureus P311052-208,#cc0000
S. aureus  MRSA_S5,#cc0000
S. aureus MRSA_S4,#cc0000
S. aureus  2588STDY5748604,#cc0000
S. aureus W12583,#cc0000
S. aureus W12586,#cc0000
S. aureus USA300-ISMMS1,#cc0000
S. aureus  USFL170,#cc0000
S. aureus  USFL169,#cc0000
S. aureus  USFL174,#cc0000
S. aureus T45945,#cc0000
S. aureus S39407,#cc0000
S. aureus S39411,#cc0000
S. aureus H72152,#cc0000
S. aureus T13126,#cc0000
S. aureus W28921,#cc0000
S. aureus T13125,#cc0000
S. aureus T13127,#cc0000
S. aureus H77094,#cc0000
S. aureus M70073,#cc0000
S. aureus F36670,#cc0000
S. aureus H41070,#cc0000
S. aureus  HL451,#cc0000
S. aureus  BPH2986,#cc0000
S. aureus WMCA6091,#cc0000
S. aureus OCMM6140,#cc0000
S. aureus  BCW_7425,#cc0000
S. aureus W46883,#cc0000
S. aureus W60060,#cc0000
S. aureus LAMC0013,#cc0000
S. aureus W35356,#cc0000
S. aureus F16432,#cc0000
S. aureus M77225,#cc0000
S. aureus H65830,#cc0000
S. aureus W46839,#cc0000
S. aureus H22637,#cc0000
S. aureus T47181,#cc0000
S. aureus F19383,#cc0000
S. aureus F63154,#cc0000
S. aureus H47671,#cc0000
S. aureus M74952,#cc0000
S. aureus F66778,#cc0000
S. aureus  HP20814.048,#cc0000
S. aureus  HP20814.087,#cc0000
S. aureus H49922,#cc0000
S. aureus F91077,#cc0000
S. aureus T42547,#cc0000
S. aureus  2588STDY5748489,#cc0000
S. aureus AMMC6040,#cc0000
S. aureus SMMC6007,#cc0000
S. aureus MISS6057,#cc0000
S. aureus UCIM6019,#cc0000
S. aureus M13384,#cc0000
S. aureus T39328,#cc0000
S. aureus MISS6110,#cc0000
S. aureus F26873,#cc0000
S. aureus COAS6055,#cc0000
S. aureus SCLE6035,#cc0000
S. aureus W82215,#cc0000
S. aureus H19420,#cc0000
S. aureus WMCS6079,#cc0000
S. aureus F46780,#cc0000
S. aureus M66468,#cc0000
S. aureus M28487,#cc0000
S. aureus WAMC6010,#cc0000
S. aureus HBHO6050,#cc0000
S. aureus M59248,#cc0000
S. aureus F48422,#cc0000
S. aureus F48420,#cc0000
S. aureus AMMC6070,#cc0000
S. aureus H50411,#cc0000
S. aureus LPIH6010,#cc0000
S. aureus LAMC6094,#cc0000
S. aureus OCMM6045,#cc0000
S. aureus H49831,#cc0000
S. aureus AMMC6071,#cc0000
S. aureus T74602,#cc0000
S. aureus T47161,#cc0000
S. aureus T31892,#cc0000
S. aureus OCMM6129,#cc0000
S. aureus F36687,#cc0000
S. aureus F85609,#cc0000
S. aureus F53393,#cc0000
S. aureus HBHO6002,#cc0000
S. aureus T71868,#cc0000
S. aureus T33147,#cc0000
S. aureus T76030,#cc0000
S. aureus T71872,#cc0000
S. aureus S56450,#cc0000
S. aureus T16669,#cc0000
S. aureus F27253,#cc0000
S. aureus F77709,#cc0000
S. aureus F36090,#cc0000
S. aureus F27252,#cc0000
S. aureus F91084,#cc0000
S. aureus F27254,#cc0000
S. aureus F77710,#cc0000
S. aureus F36091,#cc0000
S. aureus H65853,#cc0000
S. aureus M44986,#cc0000
S. aureus M86940,#cc0000
S. aureus M44987,#cc0000
S. aureus M44988,#cc0000
S. aureus M86943,#cc0000
S. aureus F64896,#cc0000
S. aureus M79256,#cc0000
S. aureus M70017,#cc0000
S. aureus M70018,#cc0000
S. aureus F64897,#cc0000
S. aureus M79254,#cc0000
S. aureus COLL6021,#cc0000
S. aureus F74035,#cc0000
S. aureus F74039,#cc0000
S. aureus W73649,#cc0000
S. aureus LPIH6011,#cc0000
S. aureus W38597,#cc0000
S. aureus M73702,#cc0000
S. aureus M59257,#cc0000
S. aureus H16097,#cc0000
S. aureus F92073,#cc0000
S. aureus W42270,#cc0000
S. aureus F16533,#cc0000
S. aureus T77618,#cc0000
S. aureus W31947,#cc0000
S. aureus M92086,#cc0000
S. aureus T12923,#cc0000
S. aureus W65910,#cc0000
S. aureus F38211,#cc0000
S. aureus F89073,#cc0000
S. aureus F50093,#cc0000
S. aureus H59329,#cc0000
S. aureus M72054,#cc0000
S. aureus T39082,#cc0000
S. aureus T66632,#cc0000
S. aureus AMMC6002,#cc0000
S. aureus W36553,#cc0000
S. aureus W73060,#cc0000
S. aureus W64958,#cc0000
S. aureus SJUD6056,#cc0000
S. aureus CHAP6035,#cc0000
S. aureus AGEN6010,#cc0000
S. aureus UCIM6049,#cc0000
S. aureus WMCS6115,#cc0000
S. aureus H71538,#cc0000
S. aureus H43986,#cc0000
S. aureus T83563,#cc0000
S. aureus T67319,#cc0000
S. aureus T42550,#cc0000
S. aureus F36699,#cc0000
S. aureus  CFSA344,#cc0000
S. aureus  USFL341,#cc0000
S. aureus COAS6038,#cc0000
S. aureus W24216,#cc0000
S. aureus  HP20814.096,#cc0000
S. aureus UCIM6009,#cc0000
S. aureus SCLE6005,#cc0000
S. aureus W33796,#cc0000
S. aureus W12582,#cc0000
S. aureus F82568,#cc0000
S. aureus  USA300-SUR9,#cc0000
S. aureus  USA300-SUR5,#cc0000
S. aureus  USA300-SUR4,#cc0000
S. aureus  USA300-SUR8,#cc0000
S. aureus  USA300-SUR11,#cc0000
S. aureus  USA300-SUR10,#cc0000
S. aureus  12673_8_60,#cc0000
S. aureus  USA300-SUR20,#cc0000
S. aureus  USA300-SUR22,#cc0000
S. aureus  USA300-SUR23,#cc0000
S. aureus  USFL250,#cc0000
S. aureus  USFL251,#cc0000
S. aureus  USFL243,#cc0000
S. aureus  USA300-SUR12,#cc0000
S. aureus  USA300-SUR15,#cc0000
S. aureus  USA300-SUR24,#cc0000
S. aureus  USFL224,#cc0000
S. aureus  USFL223,#cc0000
S. aureus  USA300-SUR13,#cc0000
S. aureus  USA300-SUR6,#cc0000
S. aureus  USA300-SUR21,#cc0000
S. aureus  USA300-SUR3,#cc0000
S. aureus  USA300-SUR14,#cc0000
S. aureus  USA300-SUR19,#cc0000
S. aureus  USA300-SUR18,#cc0000
S. aureus  USA300-SUR16,#cc0000
S. aureus  USA300-SUR17,#cc0000
S. aureus  STV108L,#cc0000
S. aureus  USA300-SUR7,#cc0000
S. aureus  ABOJE,#cc0000
S. aureus  USFL276,#cc0000
S. aureus  USFL270,#cc0000
S. aureus  USFL269,#cc0000
S. aureus  FL384,#cc0000
S. aureus  USFL255,#cc0000
S. aureus  USFL297,#cc0000
S. aureus  USFL299,#cc0000
S. aureus  USFL298,#cc0000
S. aureus  USFL296,#cc0000
S. aureus  FL391,#cc0000
S. aureus  USFL295,#cc0000
S. aureus  USFL141,#cc0000
S. aureus  USFL339,#cc0000
S. aureus  USFL338,#cc0000
S. aureus  USFL063,#cc0000
S. aureus  USFL056,#cc0000
S. aureus  USFL055,#cc0000
S. aureus  USFL142,#cc0000
S. aureus  USFL136,#cc0000
S. aureus  USFL162,#cc0000
S. aureus  2588STDY5748890,#cc0000
S. aureus  sta3646,#cc0000
S. aureus  USFL222,#cc0000
S. aureus  USFL094,#cc0000
S. aureus  FL370,#cc0000
S. aureus  USFL092,#cc0000
S. aureus  USFL124,#cc0000
S. aureus  USFL110,#cc0000
S. aureus  USFL093,#cc0000
S. aureus  FL369,#cc0000
S. aureus  FL368,#cc0000
S. aureus  2588STDY5748448,#cc0000
S. aureus  2588STDY5747941,#cc0000
S. aureus  FDAARGOS_135,#cc0000
S. aureus  FDAARGOS_140,#cc0000
S. aureus  H1419,#cc0000
S. aureus LAMC6066,#cc0000
S. aureus  USA300-SUR1,#cc0000
S. aureus  USA300_SUR1,#cc0000
S. aureus  USA300-SUR2,#cc0000
S. aureus  USFL211,#cc0000
S. aureus  USFL210,#cc0000
S. aureus  USFL220,#cc0000
S. aureus  USFL212,#cc0000
S. aureus  FL363,#cc0000
S. aureus  USFL084,#cc0000
S. aureus  USFL082,#cc0000
S. aureus  FL362,#cc0000
S. aureus  FL361,#cc0000
S. aureus  USFL097,#cc0000
S. aureus  USFL077,#cc0000
S. aureus  USFL263,#cc0000
S. aureus  USFL115,#cc0000
S. aureus  USFL113,#cc0000
S. aureus  USFL119,#cc0000
S. aureus  USFL114,#cc0000
S. aureus F90608,#cc0000
S. aureus  CFSA222,#cc0000
S. aureus  CFSA020,#cc0000
S. aureus  H1,#cc0000
S. aureus  2588STDY5748687,#cc0000
S. aureus  FL392,#cc0000
S. aureus  USFL305,#cc0000
S. aureus  USFL304,#cc0000
S. aureus  USFL320,#cc0000
S. aureus  FL393,#cc0000
S. aureus  USFL239,#cc0000
S. aureus  USFL303,#cc0000
S. aureus  USFL230,#cc0000
S. aureus  USFL302,#cc0000
S. aureus  USFL231,#cc0000
S. aureus  USFL267,#cc0000
S. aureus  USFL266,#cc0000
S. aureus  USFL274,#cc0000
S. aureus  USFL268,#cc0000
S. aureus  USFL034,#cc0000
S. aureus  USFL028,#cc0000
S. aureus  2588STDY5748704,#cc0000
S. aureus  2588STDY5748751,#cc0000
S. aureus H58177,#cc0000
S. aureus T25283,#cc0000
S. aureus T60795,#cc0000
S. aureus  2588STDY5627607,#cc0000
S. aureus W85326,#cc0000
S. aureus H47169,#cc0000
S. aureus W35455,#cc0000
S. aureus  USFL095,#cc0000
S. aureus  USFL005,#cc0000
S. aureus  USFL019,#cc0000
S. aureus  USFL006,#cc0000
S. aureus  USFL024,#cc0000
S. aureus  USFL225,#cc0000
S. aureus  FL381,#cc0000
S. aureus  FL380,#cc0000
S. aureus  USFL237,#cc0000
S. aureus  USFL236,#cc0000
S. aureus  USFL226,#cc0000
S. aureus  FL358,#cc0000
S. aureus  USFL057,#cc0000
S. aureus  USFL074,#cc0000
S. aureus  USFL214,#cc0000
S. aureus  USFL213,#cc0000
S. aureus  USFL259,#cc0000
S. aureus  FL383,#cc0000
S. aureus  USFL262,#cc0000
S. aureus  USFL273,#cc0000
S. aureus  USFL159,#cc0000
S. aureus  USFL158,#cc0000
S. aureus  USFL165,#cc0000
S. aureus  USFL035,#cc0000
S. aureus  USFL150,#cc0000
S. aureus  USFL037,#cc0000
S. aureus  USFL070,#cc0000
S. aureus  USFL068,#cc0000
S. aureus  MEH7,#cc0000
S. aureus  MEH1,#cc0000
S. aureus LPIH6004,#cc0000
S. aureus H32166,#cc0000
S. aureus M16597,#cc0000
S. aureus W85837,#cc0000
S. aureus  HP20814.068,#cc0000
S. aureus  HP20814.021,#cc0000
S. aureus P330178-178,#cc0000
S. aureus P330178-180,#cc0000
S. aureus  H5,#cc0000
S. aureus  43-121,#cc0000
S. aureus  43-121,#cc0000
S. aureus  RH233,#cc0000
S. aureus  12483_8_69,#cc0000
S. aureus  KE3651,#cc0000
S. aureus  KE3646,#cc0000
S. aureus  MRSA_S21,#cc0000
S. aureus  CV275,#cc0000
S. aureus  M2857,#cc0000
S. aureus  M3750,#cc0000
S. aureus  478_SAUR,#cc0000
S. aureus  USFL258,#cc0000
S. aureus W29641,#cc0000
S. aureus T52642,#cc0000
S. aureus T13128,#cc0000
S. aureus  USFL133,#cc0000
S. aureus  USFL132,#cc0000
S. aureus  USFL134,#cc0000
S. aureus  CFBR-515,#cc0000
S. aureus  FL372,#cc0000
S. aureus  USFL167,#cc0000
S. aureus  USFL173,#cc0000
S. aureus  USFL168,#cc0000
S. aureus  D2825,#cc0000
S. aureus  MRSA_S23,#cc0000
S. aureus  MRSA_S22,#cc0000
S. aureus  HP20814.059,#cc0000
S. aureus  USFL238,#cc0000
S. aureus  USFL227,#cc0000
S. aureus  USFL228,#cc0000
S. aureus  2588STDY5748102,#cc0000
S. aureus SR1129,#cc0000
S. aureus  HP20814.079,#cc0000
S. aureus  HP20814.004,#cc0000
S. aureus  USFL330,#cc0000
S. aureus  2588STDY5748186,#cc0000
S. aureus H40575,#cc0000
S. aureus H58198,#cc0000
S. aureus SMMC6087,#cc0000
S. aureus H27761,#cc0000
S. aureus F80354,#cc0000
S. aureus  2588STDY5748581,#cc0000
S. aureus KINB6009,#cc0000
S. aureus H32175,#cc0000
S. aureus F26032,#cc0000
S. aureus M39265,#cc0000
S. aureus W75262,#cc0000
S. aureus W19225,#cc0000
S. aureus W45421,#cc0000
S. aureus  USFL036,#cc0000
S. aureus  USFL042,#cc0000
S. aureus  USFL043,#cc0000
S. aureus  2588STDY5748497,#cc0000
S. aureus  2588STDY5748496,#cc0000
S. aureus  USFL137,#cc0000
S. aureus COAS6095,#cc0000
S. aureus  2588STDY5748920,#cc0000
S. aureus  2588STDY5748954,#cc0000
S. aureus  2588STDY5748945,#cc0000
S. aureus W42255,#cc0000
S. aureus  USFL240,#cc0000
S. aureus P210418-17,#cc0000
S. aureus  2588STDY5748946,#cc0000
S. aureus  2588STDY5748512,#cc0000
S. aureus  2588STDY5627601,#cc0000
S. aureus  H1412,#cc0000
S. aureus  KE7090,#cc0000
S. aureus HOAG6059,#cc0000
S. aureus  UTSW MRSA 55,#cc0000
S. aureus  MRSA_S12,#cc0000
S. aureus 29b_MRSA,#cc0000
S. aureus 26b_MRSA,#cc0000
S. aureus 27b_MRSA,#cc0000
S. aureus 33b,#cc0000
S. aureus 25b_MRSA,#cc0000
S. aureus 31b_MRSA,#cc0000
S. aureus  USA300_2014.C02,#cc0000
S. aureus  3020.CO1,#cc0000
S. aureus  1969.N,#cc0000
S. aureus  2588STDY5627570,#cc0000
S. aureus  2588STDY5748904,#cc0000
S. aureus  CFSA228,#cc0000
S. aureus  2588STDY5748690,#cc0000
S. aureus  2588STDY5748761,#cc0000
S. aureus  2588STDY5748940,#cc0000
S. aureus  2588STDY5748552,#cc0000
S. aureus  2588STDY5748011,#cc0000
S. aureus SJOS6061,#cc0000
S. aureus TUSH6001,#cc0000
S. aureus M13316,#cc0000
S. aureus  USFL252,#cc0000
S. aureus  USFL244,#cc0000
S. aureus SJOS6139,#cc0000
S. aureus FVRH6074,#134f5c
S. aureus F83272,#134f5c
S. aureus W33592,#134f5c
S. aureus F46600,#cc0000
S. aureus OCMM6037,#cc0000
S. aureus W42929,#cc0000
S. aureus W92100,#cc0000
S. aureus F16108,#cc0000
S. aureus M49501,#cc0000
S. aureus F48603,#cc0000
S. aureus F48607,#cc0000
S. aureus F48611,#cc0000
S. aureus  M3456,#cc0000
S. aureus  STV232L,#cc0000
S. aureus  H1795,#cc0000
S. aureus  12673_8_44,#cc0000
S. aureus  MRSA_S8,#cc0000
S. aureus LAMC0050,#cc0000
S. aureus T57415,#cc0000
S. aureus  MRSA_S28,#cc0000
S. aureus UCIM6057,#cc0000
S. aureus  HP20814.013,#cc0000
S. aureus  2588STDY5748528,#cc0000
S. aureus HOAG6084,#cc0000
S. aureus F26088,#cc0000
S. aureus P210464-28,#cc0000
S. aureus T28640,#cc0000
S. aureus P310672-199,#cc0000
S. aureus  USFL340,#cc0000
S. aureus  USFL318,#cc0000
S. aureus  USFL348,#cc0000
S. aureus  2588STDY5763984,#cc0000
S. aureus  2588STDY5748156,#cc0000
S. aureus M67290,#cc0000
S. aureus H43996,#cc0000
S. aureus H64570,#cc0000
S. aureus T70161,#cc0000
S. aureus H71785,#cc0000
S. aureus T32092,#cc0000
S. aureus H37781,#cc0000
S. aureus T32086,#cc0000
S. aureus H37776,#cc0000
S. aureus H71778,#cc0000
S. aureus H71781,#cc0000
S. aureus H31084,#cc0000
S. aureus H84956,#cc0000
S. aureus H84958,#cc0000
S. aureus H31086,#cc0000
S. aureus H31085,#cc0000
S. aureus H84959,#cc0000
S. aureus  CFSA295,#cc0000
S. aureus  CFSA280,#cc0000
S. aureus  CFSA300,#cc0000
S. aureus  CFSA226,#cc0000
S. aureus  CFSA023,#cc0000
S. aureus  CFSA146,#cc0000
S. aureus  NRS384,#cc0000
S. aureus  NRS384-rpoB-H481N-SCV,#cc0000
S. aureus USA300  NRS384  USA300 NRS384,#cc0000
S. aureus  NRS384-rpoB-H481N-NCV,#cc0000
S. aureus T54280,#cc0000
S. aureus F60357,#cc0000
S. aureus F89046,#cc0000
S. aureus M20726,#cc0000
S. aureus  2588STDY5748750,#cc0000
S. aureus M0945,#cc0000
S. aureus M0982,#cc0000
S. aureus M1035,#cc0000
S. aureus M20180,#cc0000
S. aureus W75229,#cc0000
S. aureus T55950,#cc0000
S. aureus W29625,#cc0000
S. aureus  USFL204,#cc0000
S. aureus  USFL215,#cc0000
S. aureus  USFL205,#cc0000
S. aureus  USFL206,#cc0000
S. aureus COAS6001,#cc0000
S. aureus  USFL278,#cc0000
S. aureus IS-91,#cc0000
S. aureus  2588STDY5748737,#cc0000
S. aureus  2588STDY5748178,#cc0000
S. aureus  USFL086,#cc0000
S. aureus  USFL104,#cc0000
S. aureus  USFL087,#cc0000
S. aureus  USFL085,#cc0000
S. aureus HI049B,#134f5c
S. aureus HI049C,#134f5c
S. aureus H12822,#cc0000
S. aureus M24487,#cc0000
S. aureus W81816,#cc0000
S. aureus M13048,#cc0000
S. aureus M55878,#cc0000
S. aureus T69716,#cc0000
S. aureus F85711,#cc0000
S. aureus F23336,#cc0000
S. aureus T51022,#cc0000
S. aureus M13099,#cc0000
S. aureus CO-49,#cc0000
S. aureus  USFL180,#cc0000
S. aureus  USFL192,#cc0000
S. aureus  USFL181,#cc0000
S. aureus M49455,#cc0000
S. aureus  abscess129,#cc0000
S. aureus MRSA_CVMN27231PS,#cc0000
S. aureus  2588STDY5627526,#cc0000
S. aureus P210405-16,#cc0000
S. aureus  2588STDY5748948,#cc0000
S. aureus  STV915L,#cc0000
S. aureus  2588STDY5627524,#cc0000
S. aureus UCIM6126,#cc0000
S. aureus  2588STDY5748538,#cc0000
S. aureus  USFL053,#cc0000
S. aureus  USFL229,#cc0000
S. aureus  USFL054,#cc0000
S. aureus  FL357,#cc0000
S. aureus  FL359,#cc0000
S. aureus  USFL065,#cc0000
S. aureus  USFL067,#cc0000
S. aureus  USFL066,#cc0000
S. aureus WMCS6039,#cc0000
S. aureus T66282,#cc0000
S. aureus T30033,#cc0000
S. aureus T34696,#cc0000
S. aureus H24884,#cc0000
S. aureus  USFL004,#cc0000
S. aureus  USFL015,#cc0000
S. aureus  USFL265,#cc0000
S. aureus  USFL275,#cc0000
S. aureus MRSN 2761,#cc0000
S. aureus  2588STDY5748114,#cc0000
S. aureus  CFSA323,#cc0000
S. aureus  CFSA213,#cc0000
S. aureus  CFSA301,#cc0000
S. aureus  CFSA038,#cc0000
S. aureus  CFSA336,#cc0000
S. aureus  CFSA143,#cc0000
S. aureus  CFSA270,#cc0000
S. aureus  CFSA083,#cc0000
S. aureus  CFSA217,#cc0000
S. aureus  CFSA335,#cc0000
S. aureus  CFSA311,#cc0000
S. aureus  TW20,#cc0000
S. aureus  TW21,#cc0000
S. aureus M70590,#cc0000
S. aureus F74139,#cc0000
S. aureus H33602,#cc0000
S. aureus M71813,#cc0000
S. aureus W50110,#cc0000
S. aureus W65904,#cc0000
S. aureus  CFSA220,#cc0000
S. aureus  USFL088,#cc0000
S. aureus  USFL089,#cc0000
S. aureus  USFL350,#cc0000
S. aureus  USFL105,#cc0000
S. aureus  FL366,#cc0000
S. aureus  FL365,#cc0000
S. aureus  USFL351,#cc0000
S. aureus  FL367,#cc0000
S. aureus  CFSA341,#cc0000
S. aureus  CFSA169,#cc0000
S. aureus  CFSA279,#cc0000
S. aureus  BSN9S,#cc0000
S. aureus  BSN9R,#cc0000
S. aureus  USFL144,#cc0000
S. aureus  USFL147,#cc0000
S. aureus  USFL038,#cc0000
S. aureus P210439-24,#cc0000
S. aureus  M3992,#cc0000
S. aureus  USFL337,#cc0000
S. aureus  USFL316,#cc0000
S. aureus  2588STDY5748873,#cc0000
S. aureus  M3747,#cc0000
S. aureus  HP20814.086,#cc0000
S. aureus W52294,#cc0000
S. aureus T34703,#cc0000
S. aureus  CFBR-429,#cc0000
S. aureus F92119_080312,#cc0000
S. aureus F92121,#cc0000
S. aureus  AFR038,#cc0000
S. aureus  AFR004,#cc0000
S. aureus  AFR085,#cc0000
S. aureus  TW16,#cc0000
S. aureus  2588STDY5748874,#cc0000
S. aureus  2588STDY5748726,#cc0000
S. aureus  JK3137,#cc0000
S. aureus  USFL324,#cc0000
S. aureus  USFL323,#cc0000
S. aureus  USFL108,#cc0000
S. aureus  USFL075,#cc0000
S. aureus  FL360,#cc0000
S. aureus  USFL109,#cc0000
S. aureus  USFL076,#cc0000
S. aureus  USFL290,#cc0000
S. aureus  FL387,#cc0000
S. aureus  USFL321,#cc0000
S. aureus  USFL288,#cc0000
S. aureus  FL389,#cc0000
S. aureus  FL386,#cc0000
S. aureus  FL388,#cc0000
S. aureus  USFL289,#cc0000
S. aureus  FL390,#cc0000
S. aureus IS-24,#cc0000
S. aureus T34036,#cc0000
S. aureus H32126,#cc0000
S. aureus H72119,#cc0000
S. aureus  2588STDY5627574,#cc0000
S. aureus  H1384,#cc0000
S. aureus  2588STDY5748656,#cc0000
S. aureus P210372-43,#cc0000
S. aureus UCIM6056,#cc0000
S. aureus  CFBR-314,#cc0000
S. aureus P210426-21,#cc0000
S. aureus  12593_1_15,#cc0000
S. aureus P210493-152,#cc0000
S. aureus P210070-31,#cc0000
S. aureus  2588STDY5748696,#cc0000
S. aureus  sta3667,#cc0000
S. aureus  sta3297,#cc0000
S. aureus  AFR177,#cc0000
S. aureus  sta3173,#cc0000
S. aureus  AFR115,#cc0000
S. aureus  AFR182,#cc0000
S. aureus  TW19,#cc0000
S. aureus  AFR091,#cc0000
S. aureus  AFR075,#cc0000
S. aureus  AFR051,#cc0000
S. aureus  sta1918,#cc0000
S. aureus  sta3228,#cc0000
S. aureus  AFR008,#cc0000
S. aureus  sta3320,#cc0000
S. aureus  AFR108,#cc0000
S. aureus  TW09,#cc0000
S. aureus  sta3309,#cc0000
S. aureus  AFR037,#cc0000
S. aureus  TW06,#cc0000
S. aureus  sta1979,#cc0000
S. aureus  sta2182,#cc0000
S. aureus  2588STDY5627608,#cc0000
S. aureus  HP20814.089,#cc0000
S. aureus  HP20814.009,#cc0000
S. aureus  USFL041,#cc0000
S. aureus  2588STDY5748908,#cc0000
S. aureus  HP20814.007,#cc0000
S. aureus  2588STDY5748640,#cc0000
S. aureus  2588STDY5748631,#cc0000
S. aureus  2588STDY5748609,#cc0000
S. aureus  2588STDY5627551,#cc0000
Staphylococcus sp. HMSC36D12,#cc0000
S. aureus PLAC6017,#cc0000
S. aureus  TW03,#cc0000
S. aureus  2588STDY5748560,#cc0000
S. aureus  2588STDY5514607,#cc0000
S. aureus  2588STDY5748019,#cc0000
S. aureus  2588STDY5748481,#cc0000
S. aureus  2588STDY5748617,#cc0000
S. aureus P210500-225,#cc0000
S. aureus P210500-235,#cc0000
S. aureus SCOA6012,#cc0000
S. aureus SCOA6048,#cc0000
S. aureus AMMC6051,#cc0000
S. aureus AMMC6008,#cc0000
S. aureus AMMC6011,#cc0000
S. aureus  2588STDY5748138,#cc0000
S. aureus WMCA6041,#cc0000
S. aureus F76239,#cc0000
S. aureus T18865,#cc0000
S. aureus M64191,#cc0000
S. aureus M65003,#cc0000
S. aureus M24400,#cc0000
S. aureus H84492,#cc0000
S. aureus F74220,#cc0000
S. aureus  USFL242,#cc0000
S. aureus  2588STDY5748146,#cc0000
Staphylococcus sp. HMSC57A07,#cc0000
S. aureus  2588STDY5748891,#cc0000
S. aureus  USA300_2014.C01,#cc0000
S. aureus  2588STDY5748639,#cc0000
S. aureus  2588STDY5748164,#cc0000
S. aureus  2588STDY5748297,#cc0000
Staphylococcus sp. HMSC64F10,#cc0000
S. aureus  CFSAN082782,#cc0000
S. aureus  CFSAN082781,#cc0000
S. aureus  1625.CO1,#cc0000
S. aureus  FL375,#cc0000
S. aureus  USFL191,#cc0000
S. aureus  USFL176,#cc0000
S. aureus  USFL179,#cc0000
S. aureus  USFL178,#cc0000
S. aureus  FL373,#cc0000
S. aureus  FL374,#cc0000
S. aureus  USFL177,#cc0000
S. aureus  USFL033,#cc0000
S. aureus  FL356,#cc0000
S. aureus  USFL014,#cc0000
S. aureus  USFL007,#cc0000
S. aureus  USFL027,#cc0000
S. aureus  USFL032,#cc0000
S. aureus HSOU6002,#cc0000
S. aureus  CFSA329,#cc0000
S. aureus  CFSA040,#cc0000
S. aureus  CFSA008,#cc0000
S. aureus  CFSA055,#cc0000
S. aureus  CFSA303,#cc0000
S. aureus  CFSA293,#cc0000
S. aureus  CFSA281,#cc0000
S. aureus  CFSA289,#cc0000
S. aureus  CFSA321,#cc0000
S. aureus  CFSA194,#cc0000
S. aureus  CFSA193,#cc0000
S. aureus  CFSA192,#cc0000
S. aureus  2588STDY5748674,#cc0000
S. aureus  c45,#cc0000
S. aureus F54461,#cc0000
S. aureus F12856,#cc0000
S. aureus W48906,#cc0000
S. aureus  2588STDY5748613,#cc0000
S. aureus  USFL031,#cc0000
S. aureus  USFL026,#cc0000
S. aureus  2588STDY5748035,#cc0000
S. aureus  2588STDY5748520,#cc0000
S. aureus  USFL307,#cc0000
S. aureus  USFL241,#cc0000
S. aureus W41765,#cc0000
S. aureus  2588STDY5627610,#cc0000
S. aureus  USFL328,#cc0000
S. aureus  M3094,#cc0000
S. aureus COAS6049,#cc0000
S. aureus  H1303,#cc0000
S. aureus  MV8,#cc0000
S. aureus H59325,#cc0000
S. aureus H22656,#cc0000
S. aureus H75421,#cc0000
S. aureus W13012_022013,#cc0000
S. aureus  sta3253,#cc0000
S. aureus  TW12,#cc0000
S. aureus  TW14,#cc0000
S. aureus  TW13,#cc0000
S. aureus  TW15,#cc0000
S. aureus  TW07_2,#cc0000
S. aureus  TW07_4,#cc0000
S. aureus  TW07_3,#cc0000
S. aureus  TW07_1,#cc0000
S. aureus  TW08,#cc0000
S. aureus  TW02,#cc0000
S. aureus  TW11,#cc0000
S. aureus  TW18,#cc0000
S. aureus  TW17,#cc0000
S. aureus  sta3387,#cc0000
S. aureus  AR_0226,#cc0000
S. aureus CA105,#cc0000
S. aureus W65865,#cc0000
S. aureus  USFL284,#cc0000
S. aureus  USFL283,#cc0000
S. aureus  USFL280,#cc0000
S. aureus P311014-182,#cc0000
S. aureus  12625_1_75,#cc0000
S. aureus P210485-144,#cc0000
S. aureus  2588STDY5627590,#cc0000
S. aureus P210428-22,#cc0000
S. aureus P210074-32,#cc0000
Staphylococcus sp. HMSC060D12,#cc0000
S. aureus  HP20814.055,#cc0000
S. aureus  CFSA369,#cc0000
S. aureus  CFSA355,#cc0000
S. aureus  CFSA259,#cc0000
S. aureus  CFSA365,#cc0000
S. aureus  CFSA359,#cc0000
S. aureus  CFSA358,#cc0000
S. aureus  CFSA361,#cc0000
S. aureus  CFSA215,#cc0000
S. aureus  CFSA362,#cc0000
S. aureus  CFSA209,#cc0000
S. aureus  M3994,#cc0000
S. aureus  M3594,#cc0000
S. aureus  M3877,#cc0000
Staphylococcus sp. HMSC36G04,#cc0000
S. aureus  USFL329,#cc0000
S. aureus  USFL306,#cc0000
S. aureus  FL394,#cc0000
S. aureus  USFL029,#cc0000
S. aureus  USFL025,#cc0000
S. aureus  USFL023,#cc0000
S. aureus  USFL030,#cc0000
S. aureus  USFL010,#cc0000
S. aureus  USFL096,#cc0000
S. aureus  USFL281,#cc0000
S. aureus  USFL285,#cc0000
S. aureus  USFL286,#cc0000
S. aureus  USFL293,#cc0000
S. aureus  USFL294,#cc0000
S. aureus  USFL322,#cc0000
S. aureus  USFL343,#cc0000
S. aureus  USFL344,#cc0000
S. aureus  USFL342,#cc0000
S. aureus  USFL349,#cc0000
S. aureus  USFL193,#cc0000
S. aureus  USFL185,#cc0000
S. aureus  FL377,#cc0000
S. aureus  USFL186,#cc0000
S. aureus  USFL148,#cc0000
S. aureus  CFSA349,#cc0000
S. aureus  CFSA219,#cc0000
S. aureus  CFSA109,#cc0000
S. aureus  CFSA091,#cc0000
S. aureus  CFSA010,#cc0000
S. aureus  USFL311,#cc0000
S. aureus  USFL312,#cc0000
S. aureus  USFL336,#cc0000
S. aureus  FL395,#cc0000
S. aureus  CFBR-120,#134f5c
S. aureus MRSA_CVMN26035PS,#cc0000
S. aureus  USFL216,#cc0000
S. aureus  USFL217,#cc0000
S. aureus  USFL175,#cc0000
S. aureus  USFL171,#cc0000
S. aureus  USFL172,#cc0000
S. aureus  2588STDY5748328,#cc0000
S. aureus  CFSA285,#cc0000
S. aureus  CFSA046,#cc0000
S. aureus  USFL102,#cc0000
S. aureus  UA-S391_USA300,#cc0000
S. aureus W80041,#cc0000
S. aureus W80042,#cc0000
S. aureus  USFL120,#cc0000
S. aureus  USFL121,#cc0000
S. aureus  USFL127,#cc0000
S. aureus  USFL116,#cc0000
S. aureus  USFL107,#cc0000
S. aureus  USFL106,#cc0000
S. aureus  USFL315,#cc0000
S. aureus  USFL332,#cc0000
S. aureus  USFL317,#cc0000
S. aureus  M3720,#cc0000
S. aureus  H1533,#cc0000
S. aureus  STV262L,#cc0000
S. aureus T26751,#cc0000
S. aureus  2588STDY5748688,#cc0000
S. aureus  192_SAUR,#cc0000
S. aureus  USFL188,#cc0000
S. aureus  USFL197,#cc0000
S. aureus  FL378,#cc0000
S. aureus  M3014,#cc0000
S. aureus  2588STDY5748872,#cc0000
S. aureus  USFL333,#cc0000
S. aureus  USFL347,#cc0000
S. aureus P311327-203,#cc0000
S. aureus SMMC6016,#cc0000
S. aureus W60801,#cc0000
S. aureus  2588STDY5748727,#cc0000
S. aureus  CFSA364,#cc0000
S. aureus  CFSA024,#cc0000
S. aureus  CFSA013,#cc0000
S. aureus  CFSA019,#cc0000
S. aureus  c60,#cc0000
S. aureus  CFSA356,#cc0000
S. aureus  CFSA043,#cc0000
S. aureus  CFSA165,#cc0000
S. aureus  CFSA363,#cc0000
S. aureus  CFSA166,#cc0000
S. aureus  CFSA031,#cc0000
S. aureus  c55,#cc0000
S. aureus  CFSA004,#cc0000
S. aureus  CFSA236,#cc0000
S. aureus  CFSA170,#cc0000
S. aureus  CFSA007,#cc0000
S. aureus CGS01,#cc0000
S. aureus  CFSA250,#cc0000
S. aureus  CFSA103,#cc0000
S. aureus  CFSA096,#cc0000
S. aureus  CFSA035,#cc0000
S. aureus  abscess125,#cc0000
S. aureus  KE8268,#cc0000
S. aureus  D2851,#cc0000
S. aureus  KE3074,#cc0000
S. aureus COAS6059,#cc0000
S. aureus H58183,#cc0000
S. aureus T30569,#cc0000
S. aureus  CFBR-316,#cc0000
S. aureus  2588STDY5747536,#cc0000
S. aureus  2588STDY5748933,#cc0000
S. aureus  2588STDY5627542,#cc0000
S. aureus GA53617,#cc0000
S. aureus P310848-200,#cc0000
S. aureus  2588STDY5748695,#cc0000
S. aureus  2588STDY5748043,#cc0000
S. aureus  2588STDY5748867,#cc0000
S. aureus  2588STDY5748930,#cc0000
S. aureus  2588STDY5748702,#cc0000
S. aureus  2588STDY5748703,#cc0000
S. aureus  2588STDY5748759,#cc0000
S. aureus  2588STDY5748743,#cc0000
S. aureus  2588STDY5763872,#cc0000
S. aureus  USFL140,#cc0000
S. aureus P311202-174,#cc0000
S. aureus P311202-207,#cc0000
S. aureus  2588STDY5763864,#cc0000
S. aureus  2588STDY5748882,#cc0000
S. aureus  2588STDY5748898,#cc0000
S. aureus  2588STDY5748680,#cc0000
S. aureus  CFBR-487,#cc0000
S. aureus  CFBR-487,#cc0000
S. aureus  2588STDY5627528,#cc0000
S. aureus  FDAARGOS_169,#134f5c
S. aureus F76253,#cc0000
S. aureus  2588STDY5748670,#cc0000
S. aureus  2588STDY5627554,#cc0000
S. aureus  2588STDY5748124,#cc0000
S. aureus  2588STDY5748488,#cc0000
Staphylococcus sp. HMSC58A02,#cc0000
S. aureus  USFL301,#cc0000
S. aureus  USFL300,#cc0000
S. aureus  USFL331,#cc0000
S. aureus HI111,#cc0000
S. aureus  TW10,#cc0000
S. aureus  USFL080,#cc0000
S. aureus  USFL098,#cc0000
S. aureus  USFL081,#cc0000
S. aureus  Case2_N13c,#cc0000
S. aureus  Case2_N13a,#cc0000
S. aureus  Case2_B0,#cc0000
S. aureus  2588STDY5627606,#cc0000
S. aureus  2588STDY5748913,#cc0000
S. aureus  USFL325,#cc0000
S. aureus  2588STDY5748711,#cc0000
S. aureus HI013,#cc0000
S. aureus  2588STDY5748130,#cc0000
S. aureus T72814,#cc0000
S. aureus M67938,#cc0000
S. aureus M67929_020413,#cc0000
S. aureus F92105_080312,#cc0000
S. aureus T24515,#cc0000
S. aureus T35615,#cc0000
S. aureus  CFSA105,#cc0000
S. aureus  CFSA197,#cc0000
S. aureus  NCTC13812,#cc0000
S. aureus  2588STDY5748861,#cc0000
S. aureus  2588STDY5748385,#cc0000
S. aureus  2588STDY5747973,#cc0000
S. aureus  2588STDY5748432,#cc0000
S. aureus  2588STDY5763896,#cc0000
S. aureus USA300_TCH1516,#cc0000
S. aureus  2588STDY5748313,#cc0000
S. aureus  USFL003,#cc0000
S. aureus  USFL011,#cc0000
S. aureus  USFL001,#cc0000
S. aureus  2588STDY5748912,#cc0000
S. aureus  2588STDY5748928,#cc0000
S. aureus  CFSA312,#cc0000
S. aureus  CFSA053,#cc0000
S. aureus  CFSA257,#cc0000
S. aureus  CFSA340,#cc0000
S. aureus  CFSA112,#cc0000
S. aureus  CFSA255,#cc0000
S. aureus  CFSA111,#cc0000
S. aureus  CFSA054,#cc0000
S. aureus W64921,#cc0000
S. aureus M91141,#cc0000
S. aureus M79667,#cc0000
S. aureus F71576,#cc0000
S. aureus M32679,#cc0000
S. aureus  2588STDY5748053,#cc0000
S. aureus  M3392,#cc0000
S. aureus  2588STDY5748608,#cc0000
S. aureus AMMC6075,#cc0000
S. aureus F81381,#cc0000
S. aureus T54283,#cc0000
S. aureus  2588STDY5748305,#cc0000
S. aureus  2588STDY5627558,#cc0000
S. aureus  D2852,#cc0000
S. aureus  st3103,#cc0000
S. aureus P310372-198,#cc0000
S. aureus OCMM6137,#cc0000
S. aureus M64164,#cc0000
Staphylococcus sp. HMSC66A04,#cc0000
Staphylococcus sp. HMSC055H04,#cc0000
S. aureus MRSN 8611,#cc0000
S. aureus  TW01,#cc0000
S. aureus  TW01_1,#cc0000
Staphylococcus sp. HMSC57B03,#cc0000
S. aureus  2588STDY5748154,#cc0000
Staphylococcus sp. HMSC66C11,#cc0000
S. aureus  2588STDY5748742,#cc0000
S. aureus  2588STDY5627537,#134f5c
S. aureus  MRSA_S18,#cc0000
S. aureus  USFL117,#cc0000
S. aureus  USFL151,#cc0000
S. aureus  USFL334,#cc0000
S. aureus  USFL196,#cc0000
S. aureus  USFL195,#cc0000
S. aureus  2588STDY5748718,#cc0000
S. aureus  2588STDY5748758,#cc0000
S. aureus  2588STDY5748735,#cc0000
S. aureus HI168,#cc0000
S. aureus COAS6025,#cc0000
S. aureus  2588STDY5627519,#cc0000
S. aureus  2588STDY5748914,#cc0000
S. aureus  2588STDY5748644,#cc0000
S. aureus  UC51,#134f5c
S. aureus  UC325,#134f5c
S. aureus  UC311,#134f5c
S. aureus  RH148,#134f5c
S. aureus MRSA177,#134f5c
S. aureus  M3972,#134f5c
S. aureus  MRSA_S13,#134f5c
S. aureus  STV101L,#134f5c
S. aureus  CA12,#134f5c
S. aureus  UC334,#134f5c
S. aureus  UE232,#134f5c
S. aureus  STV658L,#134f5c
S. aureus  STV563L,#134f5c
S. aureus  UE203,#134f5c
S. aureus  M3423,#134f5c
S. aureus  UC151,#134f5c
S. aureus  UC60,#134f5c
S. aureus  STV209L,#134f5c
S. aureus  STV073L,#134f5c
S. aureus  MRSA_S26,#134f5c
S. aureus  MRSA_S15,#134f5c
S. aureus  MRSA_S19,#134f5c
S. aureus  UC313,#134f5c
S. aureus  MRSA_S2,#134f5c
S. aureus  MRSA_S1,#134f5c
S. aureus  UC1001,#134f5c
S. aureus  M3823,#134f5c
S. aureus  H1675,#134f5c
S. aureus  M121,#134f5c
S. aureus  UE201,#134f5c
S. aureus  MRSA_S17,#134f5c
S. aureus  KL308,#134f5c
S. aureus  MRSA_S14,#134f5c
S. aureus  sta2155,#134f5c
S. aureus  MRSA_S24,#134f5c
S. aureus  UE181,#134f5c
S. aureus  UE206,#134f5c
S. aureus  USFL040,#134f5c
S. aureus  H1305,#134f5c
S. aureus  USFL245,#134f5c
S. aureus  USFL254,#134f5c
S. aureus  MRSA_S11,#134f5c
S. aureus  MRSA_S7,#134f5c
S. aureus  P333,#134f5c
S. aureus  Ab333,#134f5c
S. aureus  USFL002,#134f5c
S. aureus  USFL060,#134f5c
S. aureus  USFL017,#134f5c
S. aureus  D2807,#134f5c
S. aureus  USFL335,#134f5c
S. aureus  TPS3156,#134f5c
S. aureus  MRSA_S9,#134f5c
S. aureus  C1768,#134f5c
S. aureus M0531,#134f5c
S. aureus  CA15,#cc0000
S. aureus  HUV05,#134f5c
S. aureus  C8879,#134f5c
S. aureus  USFL101,#134f5c
S. aureus  USFL078,#134f5c
S. aureus  USFL079,#134f5c
S. aureus  99-48,#134f5c
S. aureus  UV170,#134f5c
S. aureus  STV600L,#134f5c
S. aureus  UV1151,#134f5c
S. aureus  CM95,#134f5c
S. aureus  USFL135,#cc0000
S. aureus  USFL125,#cc0000
S. aureus  FL371,#cc0000
S. aureus  USFL112,#cc0000
S. aureus  USFL062,#cc0000
S. aureus  USFL064,#cc0000
S. aureus  USFL058,#cc0000
S. aureus  CFBR-430,#134f5c
S. aureus WMCS6047,#cc0000
S. aureus F22893,#cc0000
S. aureus  st3304,#134f5c
S. aureus M16486,#134f5c
S. aureus M53356,#134f5c
S. aureus F22898,#134f5c
S. aureus SJOS6100,#134f5c
S. aureus M20676,#134f5c
S. aureus W25097,#134f5c
S. aureus M13403,#134f5c
S. aureus M45704,#134f5c
S. aureus F77942,#134f5c
S. aureus T44834,#134f5c
S. aureus H42759,#134f5c
S. aureus  2588STDY5627588,#134f5c
S. aureus H84507,#134f5c
S. aureus F52754,#134f5c
S. aureus F27233,#134f5c
S. aureus SJUD6111,#134f5c
S. aureus UCIM6065,#134f5c
S. aureus F92765,#134f5c
Staphylococcus sp. HMSC74D05,#134f5c
S. aureus SJOS6050,#134f5c
S. aureus T62328,#134f5c
S. aureus H64962,#134f5c
S. aureus H75143,#134f5c
S. aureus T51001,#134f5c
S. aureus M70006,#134f5c
S. aureus T36127,#134f5c
S. aureus H43687,#134f5c
S. aureus T64318,#134f5c
S. aureus M1289,#134f5c
S. aureus M1333,#134f5c
S. aureus M1334,#134f5c
S. aureus M1329,#134f5c
S. aureus M1290,#134f5c
S. aureus FVRH6130,#cc0000
S. aureus  OC8,#134f5c
S. aureus  181,#134f5c
S. aureus  CM80,#134f5c
S. aureus  CM33,#134f5c
S. aureus  CM3,#134f5c
S. aureus 132,#134f5c
S. aureus  NRS108,#134f5c
S. aureus  12673_8_87,#134f5c
S. aureus  12483_8_93,#134f5c
S. aureus  12589_1_90,#134f5c
S. aureus  12673_8_62,#134f5c
S. aureus  12593_2_62,#134f5c
S. aureus  12673_8_77,#134f5c
S. aureus  12673_8_47,#134f5c
S. aureus  st988,#134f5c
S. aureus  R7,#cc0000
S. aureus  SA H29,#134f5c
S. aureus  M1K170,#cc0000
S. aureus M0055,#134f5c
S. aureus  UV185,#134f5c
S. aureus  2395 USA500,#134f5c
S. aureus H79477,#134f5c
S. aureus M42184,#134f5c
S. aureus H41336,#134f5c
S. aureus F26051,#134f5c
S. aureus M90388,#134f5c
S. aureus  BK2529,#134f5c
S. aureus A9765,#134f5c
S. aureus  2588STDY5748881,#134f5c
S. aureus  type : MRSA207,#134f5c
S. aureus  AR_0221,#134f5c
S. aureus M0893,#134f5c
S. aureus M0894,#134f5c
S. aureus 109,#134f5c
S. aureus  2588STDY5748679,#134f5c
S. aureus  2588STDY5748906,#134f5c
S. aureus  2588STDY5627518,#134f5c
S. aureus CIG1114,#134f5c
S. aureus CIG1612,#134f5c
S. aureus  FDA-CDC-AR_0217,#134f5c
S. aureus  FDA-CDC-AR_0217,#134f5c
S. aureus  16405,#134f5c
S. aureus  14732,#134f5c
S. aureus GA51254,#134f5c
S. aureus  J01,#134f5c
S. aureus  2588STDY5763888,#134f5c
S. aureus  2588STDY5748909,#134f5c
S. aureus  2588STDY5627600,#134f5c
S. aureus GA15,#134f5c
S. aureus OCMM6048,#134f5c
S. aureus OCMM6057,#134f5c
S. aureus OCMM6124,#134f5c
S. aureus GA27,#134f5c
S. aureus GA231,#134f5c
S. aureus H65881,#134f5c
S. aureus H65883,#134f5c
S. aureus H65882,#134f5c
S. aureus  2588STDY5748949,#134f5c
S. aureus  2588STDY5748941,#134f5c
S. aureus EUH-25,#134f5c
S. aureus  USFL051,#134f5c
S. aureus  USFL052,#134f5c
S. aureus  USFL146,#134f5c
S. aureus  USFL022,#134f5c
S. aureus  USFL013,#134f5c
S. aureus  12589_1_58,#134f5c
S. aureus  MRSA073B,#cc0000
S. aureus  SA2010,#cc0000
S. aureus  MRSA609,#cc0000
S. aureus CIG547,#134f5c
S. aureus  NCTC13395,#134f5c
S. aureus  st56,#134f5c
S. aureus  st550,#134f5c
S. aureus  st2773,#cc0000
S. aureus  NCTC13133,#cc0000
S. aureus  NCTC13140,#134f5c
S. aureus  NCTC13139,#134f5c
S. aureus  EOE015,#134f5c
S. aureus  NCTC12232,#134f5c
S. aureus  NCTC12233,#134f5c
S. aureus A5948,#134f5c
